name,configuration,latitude,longitude
AG001,G9+U9+U21+L8+L18,40.298964,44.361452
AG002,G9+U9+U21+L8+L18,40.292785,44.354091
AG003,G9+U9+U21+L8+L18,"40,28082","44,35538"
AG500,G9+U9+U21+L8,"40,310001","44,38261"
AG501,G9+U9+U21+L8+L18,"40,353528","44,379278"
AG502,G9+U9+U21+L8+L18,"40,483139","44,394444"
AG503,G9+U9+U21+L8+L18,"40,524139","44,390806"
AG504,G9+U9+U21+L8+L18,"40,580972","44,351144"
AG505,G9+U9+U21+L8,"40,68735","44,28865"
AG506,G9+U9+U21+L8,"40,729029","44,203614"
AG507,U9+L8,"40,42347","44,38803"
AG510,G9+U9+L8,"40,58084","44,43377"
AG511,U9+U21+L8,"40,382917","44,391107"
AG513,U9+U21+L8+L18,"40,485716","44,349287"
AG514,U21,"40,331404","44,375992"
AG520,G9+U9+U21+L8+L18,"40,642906","44,223953"
AG521,G9+U9+U21+L8,"40,64147","44,1106"
AG522,U21,"40,676909","44,2433"
AG524,U9+U21+L8,"40,673361","44,342972"
AG600,G9+U9+U21+L8,"40,257147","44,419586"
AG601,G9+U9+U21+L8+L18,"40,226722","44,449969"
AG602,G9+U9+U21+L8+L18,"40,23374","44,45229"
AG603,U21+L8+L18,"40,248104","44,418842"
AG605,U9+U21+L8+L18,"40,234333","44,449222"
AG700,U21+L8+L18,"40,26114","44,31999"
AG720,G9+U9+U21+L8+L18,"40,274775","44,297386"
AG800,G9+U9+U21+L8,"40,301364","44,270605"
AG801,G9+U9+U21+L8+L18,"40,285742","44,205917"
AG802,G9+U9+U21+L8+L18,"40,295028","44,152528"
AG803,G9+U9+U21+L8,"40,309241","44,046656"
AG804,G9+U9+U21+L8,"40,34747","43,98736"
AG805,G9+U9+U21+L8,"40,372113","43,948552"
AG806,G9+U9+U21+L8,"40,43635","43,89907"
AG807,U21,"40,449594","43,880909"
AG808,G9+U9+U21+L8,"40,50915","43,855081"
AG809,G9+U9+U21+L8,"40,383423","43,791065"
AG812,U21,"40,28738","44,086052"
AG817,U9+U21+L8+L18,"40,366217","44,036024"
AG820,G9+U9+U21+L8,"40,340962","43,854259"
AG821,U9+U21,"40,337086","43,917505"
AG830,U9+U21+L8+L18,"40,296897","43,764678"
AG831,G9+U9+U21+L8+L18,"40,319611","43,656722"
AG832,U21,"40,32011","43,673019"
AG834,U21,"40,30321","44,16063"
AG835,U21,"40,344033","44,32881"
AG836,U21,"40,315413","43,66966"
AG850,G9+U9+U21+L8+L18,"40,329889","44,305806"
AG851,G9+U9+U21+L8+L18,"40,34669","44,25646"
AG852,G9+U9+U21+L8+L18,"40,383333","43,87275"
AG855,U21,"40,262269","44,151908"
AG856,U9+U21+L8+L18,"40,246726","44,341115"
AG859,U9,"40,330464","43,976085"
AM001,G9+U9+U21+L8+L18,"40,15387","44,03915"
AM002,G9+U9+U21+L8+L18,"40,150833","44,049111"
AM003,G9+U9,"40,159384","44,043583"
AM004,G9+U9+U21+L8+L18,"40,163639","44,039833"
AM006,G9+U9+U21+L8+L18,"40,147528","44,031694"
AM007,G9+U9+U21,"40,15383","44,02501"
AM008,G9+U9+U21,"40,1451","44,04089"
AM010,G9+U9+U21+L8+L18,"40,143433","44,051"
AM011,U21,"40,172886","44,032239"
AM531,G9+U9+U21+L8+L18,"40,227151","44,248511"
AM532,G9+U9+U21+L8+L18,"40,23072","44,28921"
AM533,G9+U9+U21,"40,209901","44,298648"
AM600,G9+U9+U21,"40,178828","44,14672"
AM601,G9+U9+U21+L8+L18,"40,144188","44,113422"
AM602,G9+U9+U21+L8+L18,"40,14996","44,159616"
AM604,G9+U9+U21+L8+L18,"40,187189","44,401718"
AM605,G9+U9+U21,"40,1663","44,351"
AM620,G9+U9+U21+L8+L18,"40,106284","44,273293"
AM624,G9+U9+U21+L8+L18,"40,17882","44,22948"
AM625,G9+U9+U21+L8+L18,"40,184701","44,263336"
AM626,G9+U9+U21+L8+L18,"40,128313","44,229674"
AM627,U21,"40,170309","44,21113"
AM628,G9+U9+U21+L8+L18,"40,074849","44,302771"
AM630,G9+U9+U21+L8,"40,082614","44,246325"
AM650,G9+U9+U21+L8+L18,"40,164114","44,282555"
AM651,G9+U9+U21,"40,17081","44,28732"
AM653,G9+U9+U21+L8+L18,"40,165025","44,294123"
AM654,G9+U9+U21+L8+L18,"40,172424","44,297532"
AM655,G9+U9+U21+L8+L18,"40,157713","44,301202"
AM656,G9+U9+U21,"40,16637","44,30468"
AM657,G9+U9+U21+L8+L18,"40,16663","44,329686"
AM658,G9+U9+U21,"40,1557","44,28142"
AM659,G9+U9+U21+L8+L18,"40,140157","44,329978"
AM670,G9+U9+U21+L8+L18,"40,194381","44,360916"
AM720,G9+U9+U21+L8+L18,"40,121314","44,065471"
AM721,G9+U9+U21+L8+L18,"40,098658","44,092861"
AM722,G9+U9+U21+L8+L18,"40,094076","44,159659"
AM724,G9+U9+U21+L8,"40,047768","44,172591"
AM726,G9+U9+U21+L8,"40,058457","44,09335"
AM730,G9+U9+U21+L8+L18,"40,045139","44,028972"
AM731,G9+U9+U21+L8,"40,09145","44,007847"
AM732,G9+U9+U21+L8+L18,"40,084682","44,049711"
AM734,G9+U9+U21+L8+L18,"40,051596","43,925505"
AM736,G9+U9+U21+L8,"40,091476","43,954481"
AM738,G9+U9+U21+L8+L18,"40,130837","44,005718"
AM739,G9+U9+U21+L8+L18,"40,061557","43,987519"
AM740,G9+U9+U21,"40,128422","43,969583"
AM801,G9+U9+U21+L8+L18,"40,184425","43,984057"
AM802,G9+U9+U21+L8+L18,"40,180945","43,918883"
AM803,G9+U9+U21+L8,"40,2381","43,8734"
AM804,G9+U9+U21+L8,"40,2425","43,77039"
AM805,U9+U21+L8,"40,145795","43,672383"
AM806,G9+U9+L8,"40,193527","43,853043"
AM807,G9+U9+L8,"40,100228","43,823909"
AM808,U9+L8,"40,142967","43,758358"
AM809,U21,"40,22435","43,876862"
AM810,U21,"40,18485","44,004991"
AR001,G9+U9+U21,"40,06622","44,44693"
AR002,G9+U9+U21+L8+L18,"40,061314","44,442469"
AR003,G9+U9+U21,"40,07142","44,43631"
AR004,G9+U9+U21+L8+L18,"40,06646","44,43039"
AR005,G9+U9+U21,"40,070139","44,414889"
AR006,G9+U9+U21+L8+L18,"40,07185","44,3997"
AR007,G9+U9+U21+L8+L18,"39,897115","44,60482"
AR008,G9+U9+U21+L8+L18(S5010),"39,8548","44,68301"
AR009,G9+U9+U21+L8+L18,"39,912889","44,726639"
AR010,G9+U9+U21+L18+L26,"40,095111","44,498861"
AR011,G9+U9+U21+L8+L18,"39,765444","44,800444"
AR012,G9+U9+U21+L8,"39,829362","44,993655"
AR013,G9+U9+U21,"39,8487","44,69804"
AR014,G9+U9+U21+L8+L18,"39,82857","44,71271"
AR015,G9+U9+U21+L8+L18,"39,79226","44,77945"
AR016,G9+U9+U21+L8+L18,"39,91081","44,8123"
AR017,U9+L8,"39,872847","44,942923"
AR018,G9+U9+U21+L8+L18,"39,956778","44,600917"
AR019,G9+U9+U21+L8+L18,"39,893944","44,649306"
AR020,G9+U9+U21+L8+L18,"39,956028","44,549083"
AR021,G9+U9+U21+L8+L18,"39,960083","44,553389"
AR022,G9+U9+U21,"39,951104","44,5567"
AR023,G9+U9+U21+L8+L18,"39,948501","44,546603"
AR024,G9+U9+U21,"39,952599","44,541003"
AR025,G9+U9+U21+L8+L18,"39,96196","44,541389"
AR026,G9+U9+U21,"39,968273","44,542596"
AR027,G9+U9+U21+L8+L18,"39,998139","44,584528"
AR028,G9+U9+U21+L8+L18,"40,02125","44,583472"
AR029,G9+U9+U21+L8+L18,"40,042528","44,542056"
AR030,G9+U9+U21+L8+L18,"40,097194","44,471333"
AR031,G9+U9+U21+L8+L18,"39,936167","44,572278"
AR032,G9+U9+U21+L8+L18,"40,116621","44,371844"
AR033,U21+L8+L18,"39,8736","44,66771"
AR034,G9+U9+U21+L8,"40,009643","44,552157"
AR035,G9+U9+U21+L8+L18,"39,98687","44,633944"
AR036,G9+U9+U21+L8+L18,"39,97765","44,51878"
AR037,G9+U9+U21+L8+L18,"40,016396","44,492481"
AR038,U21+L8+L18,"40,05734","44,471006"
AR040,G9+U9+U21+L8+L18,"40,12622","44,40076"
AR041,G9+U9+U21+L8+L18,"40,092639","44,398444"
AR042,G9+U9+U21+ 4G,"40,10801","44,4318"
AR043,G9+U9+U21+L8+L18,"40,100134","44,338604"
AR044,pure transmission,,
AR045,G9+U9+U21+L8,"39,8384","44,62506"
AR046,G9+U9+U21+L8,"40,024562","44,422286"
AR047,G9+U9+U21+L8+L18,"39,85646","44,69436"
AR049,U21,"40,021089","44,519475"
AR050,G9+U9+U21+L8,"39,91707","44,61343"
AR051,G9+U9,"39,95021","44,80067"
AR052,G9+U9+U21+L8+L18,"39,90162","44,68469"
AR054,G9+U9+L8,"39,795944","44,958806"
AR058,G9+U9+U21+L8,"40,088039","44,472203"
AR060,U9+U21+L8+L18,"40,002649","44,489244"
AR061,U21,"40,034201","44,55946"
AR062,U21,"40,10247","44,478234"
AR064,G9+U9+U21+L8+L18,"39,873689","44,590451"
AR065,U21,"40,000981","44,56573"
AR067,U21,"39,76317","44,81136"
AR069,U21,"40,004604","44,59664"
AR077,G9+U9,"39,856944","44,729447"
AR100,G9+U9+U21,"39,9646","44,5319"
AR101,G9+U9+U21+L8+L18,"39,98744","44,49892"
AR102,G9+U9+U21+L8+L18,"40,027306","44,478175"
AR103,G9+U9+U21,"40,0812","44,4553"
GE550,G9+U9+U21+L8,"40,556786","44,988461"
GE551,G9+U9+U21,"40,559306","44,942667"
GE552,G9+U9+U21+L8+L18,"40,548182","44,95427"
GE553,G9+U9+L8,"40,657444","44,931917"
GE554,U9+U21,"40,519942","44,934352"
GE560,G9+U9+U21,"40,61072","44,96868"
GE562,U9+U21+L8,"40,50013","45,27832"
GE563,G9+U9+U21+L8,"40,49143","45,36288"
GE564,G9+U9+U21+L8,"40,39503","45,47469"
GE565,U9+U21+L8,"40,35496","45,58451"
GE566,U9+U21+L8,"40,26172","45,71671"
GE567,G9+U9+U21+L8+L18,"40,216131","45,761308"
GE568,G9+U9+U21,"40,56783","45,14894"
GE571,G9+U9+U21+L8+L18,"40,593176","45,344624"
GE572,G9+U9+U21,"40,566325","45,292533"
GE573,U9+U21+L8,"40,57233","45,39701"
GE574,U9+L8,"40,6476","45,3189"
GE575,U9+L8,"40,66356","45,26192"
GE576,U9+L8,"40,68077","45,17265"
GE577,U9+U21+L8,"40,701481","45,109385"
GE580,U9+U21+L8,"40,30941","45,6944"
GE601,G9+U9+U21+L8,"40,510025","45,01466"
GE602,G9+U9+U21+L8,"40,478167","45,05675"
GE603,G9+U9+U21+L8,"40,444698","45,106964"
GE604,G9+U9+U21,"40,363251","45,196018"
GE606,G9+U9+U21+L8,"40,195915","45,211746"
GE607,G9+U9+U21+L8+L18,"40,16409","45,23087"
GE608,G9+U9+U21+L8+L18,"40,13765","45,26611"
GE609,G9+U9+U21+L8+L18,"40,13054","45,3661"
GE610,G9+U9+U21+L8+L18,"40,141722","45,300722"
GE611,G9+U9+U21+L8+L18,"40,15083","45,46473"
GE612,G9+U9+U21+L8+L18,"40,18459","45,62105"
GE613,G9+U9+U21+L8+L18,"40,16296","45,69917"
GE614,G9+U9+U21+L8+L18,"40,183778","45,730083"
GE615,G9+U9+U21+L8,"40,16496","45,73847"
GE617,G9+U9+U21+L8+L18,"40,152667","45,512361"
GE618,U9+U21+L8,"40,134507","45,625424"
GE619,G9+U21+L8,"40,170124","45,194974"
GE621,G9+U9+U21+L8,"40,538438","44,887762"
GE622,U9+U21+L8,"40,1927","45,88754"
GE626,U9+U21+L8,"40,157561","45,82611"
GE628,U21+L8+L18,"40,137924","45,192747"
GE629,U21,"40,147295","45,2687"
GE631,U21,"40,12273","45,35563"
GE632,U21,"40,131779","45,25077"
GE634,U9+U21+L8+L18,"40,10553","45,27839"
GE650,G9+U9+U21+L8+L18,"40,348694","45,126806"
GE651,G9+U9+U21+L8+L18,"40,365959","45,124424"
GE652,U21+L8,"40,34122","45,11245"
GE660,G9+U9+U21+L8+L18,"40,31514","45,13695"
GE661,G9+U9+U21+L8+L18,"40,26689","45,13652"
GE662,G9+U9+U21+L8+L18,"40,139556","45,428722"
GE664,U21,"40,334866","45,153031"
GE670,G9+U9+U21+L8,"40,088306","45,276028"
GE674,U21+L8+L18,"40,376413","45,179219"
GE675,G9+U21+L8+L18,"40,20471","45,188622"
GE676,U21+L8+L18,"40,13601","45,32799"
GE680,U21,"40,160421","45,460989"
GE681,U21+L8+L18,"40,631425","44,961822"
GE683,U21,"40,1909","45,68682"
GE684,U21,"40,15617","45,72548"
KO001,G9+U9+U21,"40,54586","44,76844"
KO002,G9+U9+U21+L8+L18,"40,543826","44,773548"
KO003,G9+U9+U21,"40,53369","44,77337"
KO004,G9+U9+U21+L8+L18,"40,51827","44,75401"
KO005,G9+U9+U21,"40,49601","44,75932"
KO006,G9+U9+U21+L8+L18,"40,489207","44,765511"
KO007,U9,"40,513666","44,767902"
KO008,G9+U9+U21+L8+L18,"40,56465","44,80268"
KO700,U21,"40,48236","44,72985"
KO701,G9+U9+U21+L8+L18,"40,461911","44,727087"
KO702,G9+U9+U21+L8,"40,39118","44,66058"
KO703,G9+U9+L8,"40,361542","44,639051"
KO704,G9+U9+L8,"40,326513","44,635841"
KO705,G9+U9+U21+L8+L18,"40,260095","44,60046"
KO709,U21,"40,461323","44,707657"
KO712 + S5712,U21 +LTE,"40,316935","44,466844"
KO713,U21,"40,255648","44,493655"
714KO,U21,"40,14588","44,295063"
KO721,G9+U9+U21,"40,291598","44,58899"
KO722,G9+U9+U21+L8+L18,"40,302544","44,583365"
KO724,G9+U9+U21+L8+L18,"40,312826","44,596392"
KO725,G9+U9+U21+L8,"40,331635","44,576208"
KO726,U9+U21,"40,274203","44,485423"
KO728,G9+U9+U21+L8+L18,"40,382258","44,612511"
KO729,G9+U9+U21+L8,"40,409651","44,522376"
KO730,G9+U9+U21,"40,331744","44,495612"
KO731,G9+U9+U21,"40,307233","44,473195"
KO732,G9+U9+U21+L8+L18,"40,32157","44,488596"
KO733,G9+U9+U21+L8+L18,"40,233496","44,506328"
KO734,G9+U9+U21+L8+L18,"40,457701","44,65281"
KO735,G9+U9+U21+L8+L18,"40,405323","44,646269"
KO736,G9+U9+U21,"40,39861","44,63499"
KO739,G9+U9+U21+L8,"40,46736","44,79333"
KO740,G9+U9+U21+L8+L18,"40,44345","44,61542"
KO741,G9+U9+L8,"40,49357708","44,59643411"
KO742,G9+U9+L8,"40,51414","44,56192"
KO749,U9+U21,"40,254093","44,62279"
KO750,G9+U9+U21,"40,27415","44,63547"
KO751,L8+L18,"40,271833","44,634361"
KO752,G9+U9+U21+L8+L18,"40,267389","44,617281"
KO753,G9+U9+U21,"40,275433","44,624411"
KO754,G9+U9+U21,"40,269272","44,628437"
KO755,G9+U9+U21,"40,28064","44,62605"
KO756,G9+U9+U21,"40,28046","44,63974"
KO757,G9+U9+U21,"40,26394","44,63656"
KO758,G9+U9+U21,"40,289753","44,640677"
KO770,G9+U21+L8+L18,"40,203353","44,639176"
KO771,G9+U9+U21+L8+L18,"40,122177","44,710002"
KO772,G9+U9+U21+L8+L18,"40,132657","44,774371"
KO773,G9+U9+L8,"40,154049","44,6498"
KO774,G9+U9+U21+L8+L18,"40,26746","44,64502"
KO775,G9+U9+U21+L8+L18,"40,224583","44,703944"
KO776,G9+U9+U21+L8+L18,"40,260805","44,684997"
KO777,G9+U21+L8+L18,"40,24559","44,535996"
KO778,G9+U9+U21+L8+L18,"40,288213","44,548822"
KO779,G9+U9+U21+L8,"40,273889","44,570258"
KO780,U9+U21+L8,"40,15207","44,80286"
KO781,G9+U21+L18,"40,13776","44,81516"
KO782,G9+U9+L8,"40,175727","44,63492"
KO789,G9+U21+L8+L18,"40,252762","44,595795"
KO791,U21,"40,121695","44,739666"
KO798,U21,"40,201561","44,627512"
KO799,3G,40.187146°, 44.630646°
KO801,G9+U9+U21+L8+L18,"40,572355","44,693102"
KO802,G9+U9+U21+L8+L18,"40,60376","44,65866"
KO805/site-003,U9+L8,"40,62141","44,56757"
KO806 / HNKV1C,U9+L8,"40,6256","44,49603"
KO807,U21,"40,368454","44,594429"
KO850,G9+U9+U21+L8+L18,"40,53206086","44,71320134"
KO853,U21,"40,529327","44,696369"
KO854,U21,"40,53047","44,69655"
KO855,U21,"40,53387","44,7055"
KO857,U21+L18+L26,"40,529222","44,70597"
KO858,U21,"40,533072","44,749889"
LO001,G9+U9+U21+L8+L18,"40,781194","44,550028"
LO002,G9+U9+U21+L8+L18,"40,794806","44,529528"
LO003,G9+U9+U21,"40,786922","44,530223"
LO004,G9+U9+U21,"40,799159","44,520049"
LO005,G9+U9+U21,"40,791333","44,521333"
LO006,G9+U9+U21+L8+L18,"40,803817","44,513554"
LO007,G9+U9+U21,"40,796406","44,514438"
LO008,G9+U9+U21,"40,807385","44,503201"
LO009,U9+U21,"40,799884","44,503933"
LO010,G9+U9+U21+L8+L18,"40,811332","44,495358"
LO011,G9+U9+U21+L8+L18,"40,804943","44,496697"
LO012,G9+U9+U21+L8+L18,"40,814496","44,487627"
LO013,G9+U9+U21+L8+L18,"40,808809","44,487078"
LO014,G9+U9+U21,"40,819697","44,478267"
LO015,G9+U9+U21,"40,811436","44,477663"
LO016,U9+U21,"40,796443","44,493788"
LO017,G9+U9+U21,"40,838302","44,453402"
LO018,G9+U9+L8+L18,"40,823051","44,450066"
LO019,G9+U9+U21+L8+L18,"40,847492","44,43858"
LO020,G9+U9+U21,"40,836253","44,441273"
LO021,G9+U9+U21,"40,842666","44,426415"
LO022,U21,"40,78998124","44,514046"
LO400,G9+U9+L8,"40,86326","44,43885"
LO401,G9+U9+U21,"40,906339","44,436314"
LO402,G9+U9+U21+L8+L18,"40,977871","44,486488"
LO403,G9+U9+U21,"41,006824","44,400897"
LO405,G9+U9+U21+L8+L18,"41,006424","44,363143"
LO406,G9+U9+U21+L8+L18,"41,119139","44,283917"
LO407,G9+U9+U21+L8,"41,192086","44,2914"
LO408,G9+U9+U21+L8,"41,18801","44,35669"
LO409,G9+U9+U21,"41,134304","44,277039"
LO410,G9+U9+U21+L8+L18,"41,201306","44,229028"
LO412,U9+U21+L8,"41,15495","44,36322"
LO413,G9+U9+U21+L8,"41,039401","44,2076"
LO417,U9+U21+L8,"41,16972","44,467882"
LO421,G9+U9+U21+L8+L18,"40,959805","44,548733"
LO422,U9+U21+L8,"41,070783","44,348872"
LO423,U21,"41,19600556","44,38511945"
LO424,U21+L8,"40,95485","44,44227"
LO428,U9,"40,902023","44,428935"
LO433,U21,"40,93867","44,479852"
LO500,G9+U9+U21+L8+L18,"40,811841","44,542445"
LO501,G9+U9+U21+L8,"40,879513","44,602501"
LO502,G9+U9+U21+L8,"40,9401882","44,651166"
LO503,G9+U9+U21+L8+L18,"40,962643","44,629704"
LO504,G9+U9+U21+L8,"40,990929","44,647369"
LO507,G9+U9+U21,"41,097196","44,646502"
LO508,G9+U9+U21+L8+L18,"41,096528","44,6581041"
LO509,G9+U9+U21+L8+L18,"41,143639","44,767528"
LO510,G9+U9+U21+L8+L18,"41,155443","44,8324"
LO511,G9+U9+U21+L8,"41,134262","44,692866"
LO512,G9+U9+U21+L8,"41,216923","44,925648"
LO513,G9+U9+U21+L8,"41,235389","44,841611"
LO514,G9+U9+U21+L8,"41,15976","44,85284"
LO515,U21,"41,182084","44,828867"
LO516,G9+U9+U21+L8+L18,"41,08825","44,659889"
LO520,G9+U9+L8,"40,92967","44,56177"
LO521,G9+U9+U21+L8+L18,"41,054944","44,621889"
LO523,U9+U21+L8,"40,909722","44,783917"
LO525,G9+U9+L8,"41,11235","44,58187"
LO529,U21,"41,098595","44,673904"
LO530,U21,"40,96579","44,636654"
LO531,U21,"41,142139","44,843083"
LO601,G9+U9+U21+L8,"40,762471","44,60685"
LO602,G9+U9+U21+L8,"40,701248","44,748413"
LO603,U21,"40,736508","44,67875"
LO701,U9+U21+L8,"40,831142","44,341949"
LO702,U9+L8,"40,82502","44,39378"
LO801,G9+U9+U21+L8,"40,855007","44,386286"
LO802,G9+U9+U21+L8,"40,868099","44,245323"
LO803,G9+U9+U21+L8+L18,"40,852728","44,14309"
LO850,G9+U9+U21+L8+L18,"40,829998","44,271324"
LO853,G9+U9+U21+L8+L18,"40,839","44,276843"
LO854,G9+U9+U21+L8+L18,"40,80809","44,207462"
LO855,U9+U21+L8+L18,"40,79478","44,18193"
LO856,G9+U9+U21+L8+L18,"40,859083","44,282361"
LO860,U9+U21,"40,834435","44,042054"
LO861,U9+L8,"40,797056","44,268694"
P8001,U21+L18,"40,176846","44,526656"
P8002,U21+L18,"40,175052","44,50903"
P8003,U21+L18,"40,187853","44,512089"
P8004,U21+L18,"40,178657","44,510593"
P8005,U21+L18,"40,187757","44,521534"
P8006,U21+L18,"40,18798","44,521045"
P8007,U21+L18,"40,155504","44,499161"
P8008,U21+L18,"40,155331","44,498576"
P8009,U21+L18,"40,155017","44,499693"
P8010,U21+L18,"40,155517","44,499182"
P8011,U21+L18,"40,155636","44,498939"
P8012,U21+L18,"40,15623","44,49903"
P8014,U21+L18,"40,197065","44,498397"
P8015,U21+L18,"40,189102","44,507026"
P8016,U21+L18,"40,182747","44,513493"
P8017,U21+L18,"40,182826","44,513437"
P8018,U21+L18,"40,179491","44,522864"
P8019,U21+L18,"40,186667","44,51176"
P8021,U21+L18,"40,1887","44,519905"
SH001,G9+U9+U21,"40,7491","43,851274"
SH002,G9+U9+U21,"40,768814","43,846196"
SH003,G9+U9+U21+L8+L18,"40,772656","43,85299"
SH004,G9+U9+U21,"40,775519","43,845617"
SH005,G9+U9+U21+L8+L18,"40,779282","43,839045"
SH006,G9+U9+U21+L8+L18,"40,78145791","43,85580082"
SH007,G9+U9+U21+L8+L18,"40,781806","43,889333"
SH008,G9+U9+U21+L8+L18,"40,78478","43,844781"
SH009,G9+U9+U21+L8+L18,"40,789299","43,836335"
SH010,U21+L8+L18,"40,786565","43,853011"
SH011,G9+U9+U21+L8+L18,"40,791667","43,845306"
SH012,G9+U9+U21+L8+L18,"40,791853","43,861205"
SH013,G9+U9+U21,"40,794845","43,83516"
SH014,G9+U9+U21+L8+L18,"40,7961","43,853404"
SH015,G9+U9+U21+L8+L18,"40,800688","43,844648"
SH016,U21,"40,813886","43,85292"
SH017,G9+U9+U21+L8+L18,"40,802274","43,833133"
SH018,G9+U9+U21+L8+L18,"40,80745","43,846197"
SH019,G9+U9+U21+L8+L18,"40,806417","43,861845"
SH021,G9+U9+U21,"40,816477","43,84085206"
SH022,U21,"40,82428","43,83227"
SH023,G9+U9+U21+L8+L18,"40,828365","43,827149"
SH024,G9+U9+U21+L8+L18,"40,814782","43,818496"
SH025,U21,"40,77981","43,90204"
SH027,U21,"40,760874","43,832911"
SH029,U21,"40,825852","43,820848"
SH031,U21+L8+L18,"40,78292","43,80306"
SH500,G9+U9+U21+L8,"40,607029","44,006745"
SH501,G9+U9+U21+L8+L18,"40,723028","43,836306"
SH502,G9+U9+U21+L8,"40,66839769","43,85350022"
SH503,G9+U9+U21+L8+L18,"40,579126","43,885072"
SH504,G9+U9+U21+L8+L18,"40,569286","43,939083"
SH505,G9+U9+U21+L8+L18,"40,61725","43,971222"
SH507,G9+U9+U21+L8+L18,"40,647544","44,057953"
SH508,G9+U9+U21+L8+L18,"40,657888","43,982813"
SH509,U21,"40,661673","44,018518"
SH510,U9+L8+L18,"40,74175","43,90302"
SH511,U21,"40,659","43,88967"
SH512,U21,"40,585687","43,941445"
SH513,U21,"40,673373","43,965207"
SH514,U21,"40,638364","44,049678"
SH515,U21,"40,619329","44,022991"
SH516,G9+U21+L8,"40,52255","43,90644"
SH518,U21,"40,658756","43,927194"
SH601,G9+U9+U21+L8,"40,827494","43,937398"
SH602,G9+U9+U21+L8,"40,862028","43,992444"
SH603,G9+U9+U21+L8,"40,742679","44,007479"
SH604,U9+U21+L8,"40,77948","43,96208"
SH700,G9+U9+U21+L8,"40,86184","43,83105"
SH701,G9+U9+U21+L8,"40,94106","43,86867"
SH703,U9+U21,"40,967096","43,78249"
SH704,G9+U9+U21+L8,"40,97005","43,89099"
SH705,G9+U9+L8,"41,06383","43,65692"
SH706,G9+U9+U21+L8,"41,04429","43,85776"
SH707,G9+U9+U21+L8,"41,12957","43,81453"
SH723,U9+L8,"40,997889","43,937056"
SH800,G9+U9+U21+L8,"40,86728","43,7108"
SH802,G9+U9+U21+L8,"40,75122","43,7841"
SH804,G9+U9+U21+L8,"40,548783","43,682152"
SH805,U9+L8,"40,446848","43,616916"
SH806,G9+U9+U21+L8,"40,67962","43,77241"
SH807,U21,"40,705558","43,778532"
SH809,U9+L8,"40,58952","43,72063"
SH810,U9+U21+L8,"40,485556","43,673611"
SY001,G9+U9+U21+L8,"39,64892","45,87888"
SY002,G9+U9+U21+L8+L18,"39,571667","45,951917"
SY003,U9+U21,"39,521386","46,019397"
SY004,G9+U9+U21+L8+L18,"39,52363","46,0353"
SY005,G9+U9+U21+L8,"39,503083","46,134639"
SY006,G9+U9+U21+L8,"39,486577","45,995103"
SY007,G9+U9,"39,47924","46,22569"
SY008,G9+U9+U21+L8+L18,"39,5171","46,34351"
SY009,G9+U9+U21,"39,505056","46,33975"
SY010,G9+U9,"39,51904","46,36177"
SY011,G9+U9+U21+L8+L18,"39,519267","46,427794"
SY012,G9+U9+U21+L8,"39,56295","46,50296"
SY013,G9+U9+U21+L8,"39,4101","46,358081"
SY014,G9+U9+L8,"39,360761","46,405208"
SY015,G9+U9+U21+L8,"39,31598","46,46295"
SY016,G9+U9+L8,"39,266417","46,477528"
SY017,G9+U9+U21+L8,"39,220531","46,412553"
SY018,G9+U9+U21+L8+L18,"39,206722","46,404694"
SY019,G9+U9+U21,"39,22158","46,31366"
SY020,G9+U9+U21+L8,"39,2141","46,2593"
SY021,G9+U9+U21+L8+L18,"39,139456","46,178976"
SY022,G9+U9,"39,11538","46,15438"
SY023,G9+U9+U21,"39,05447","46,19338"
SY025,G9+U9+U21+L8,"38,97364","46,20909"
SY027,G9+U9+U21+L8+L18,"38,85637","46,20124"
SY028,U9,"39,112509","46,47333"
SY029,U9+U21+L8,"39,05141","46,49725"
SY030,G9+U9+U21+L8+L18,"38,894","46,245417"
SY032,G9+U9+L8,"38,89347","46,18457"
SY033,G9+U9+U21,"39,15239","46,15562"
SY034,G9+U9+U21+L8,"39,459859","46,360245"
SY036,G9+U9+U21+L8,"39,673671","45,743403"
SY037,G9+U9+U21+L8+L18,"39,19608","46,41874"
SY038,G9+U9+U21+L8+L18,"39,217884","46,370509"
SY040,G9+U9+U21+L8,"39,357233","46,275964"
SY042,U9+U21+L8,"39,226611","46,542083"
SY044,G9+U9+U21+L8,"39,442538","46,007005"
SY048,G9+U9+L8,"39,247349","46,393765"
SY049,G9+U9+L8,"39,30064","46,36806"
SY062,G9+U9+L8,"39,17292","46,41866"
SY063,U9+L8,"39,154793","46,440292"
SY064,U9,"39,085202","46,498645"
SY071,U9,"39,20432","46,47094"
SY078,U9+U21+L8,"39,596052","46,397651"
SY079,U9+U21+L8,"39,604698","46,353602"
SY080,U9+U21+L8,"39,61689","46,35144"
SY087,G9+U9,"39,203491","46,493576"
SY090,G9+U9,"39,18349","46,40889"
SY091,U21+L8+L18,"39,208768","46,390481"
SY093,U9+U21+L8,"39,45325","46,11388"
SY098,U21,"39,204207","46,413857"
SY100,U9+U21+L8,"39,536524","45,991358"
SY104,G9+U9,"39,1385","46,1339"
SY106,G9+U9,"39,1459269","46,14625056"
SY107,U21,"39,245794","46,418601"
TA001,G9+U9+U21+L8+L18,"40,741917","44,861028"
TA002,G9+U9+U21+L8+L18,"40,740608","44,840046"
TA003,G9+U9+U21+L8+L18,"40,748333","44,831333"
TA004,U21+L8+L18,"40,74733","44,88243"
TA005,G9+U9+U21+L8,"40,71975","44,859472"
TA500,G9+U9+U21+L8,"40,770546","44,908712"
TA501,G9+U9+U21+L8,"40,78301637","45,03882587"
TA502,G9+U9+U21+L8+L18,"40,727434","45,002233"
TA503,G9+U9+U21+L8,"40,863917","45,124833"
TA504,G9+U9+U21+L8+L18,"40,877056","45,159944"
TA505,G9+U9+U21+L8+L18,"40,894889","45,15675"
TA506,G9+U9+U21,"40,863902","45,193001"
TA507,G9+U9+U21+L8+L18,"40,92989","45,186222"
TA508,G9+U9+U21+L8+L18,"40,9795","45,15677"
TA509,G9+U9+U21+L8,"41,041798","45,150758"
TA510,G9+U9+U21+L8+L18,"40,976376","45,274546"
TA511,G9+U9+U21+L8+L18,"41,13775","45,08056"
TA512,G9+U9+U21+L8,"41,131629","45,001604"
TA513,G9+U9+U21+L8+L18,"41,17725","44,990278"
TA514/945NO,U9,"41,232361","44,979335"
TA515,G9+U9+U21+L8+L18,"41,18731","45,0025"
TA516,U9+U21+L8,"41,28127","44,81043"
TA517,U9+L8,"40,72034","45,05735"
TA519,U9+U21,"40,802196","44,893376"
TA520,U9+L8,"40,72315","45,09008"
TA521,U21,"40,987643","45,209274"
TA522,U21,"40,99262","45,1448"
TA523,G9+U9+L8+L18,"40,773161","44,97605"
TA525,G9+U21+L8+L18,"41,24245","44,81972"
TA527,U9,"40,73791","45,02337"
TA529,U21+L8+L18,"41,18535","44,971993"
TA530,U21,"41,13548","45,123075"
TA531,U21,"40,87807","45,14249"
TA537,U21+L8+L18,"41,205604","44,996204"
TA539,U9+U21+L8+L18,"41,18713","44,89905"
TA543,U21,"40,914818","45,079438"
TA550,G9+U9+U21+L8+L18,"40,883886","45,392082"
TA553,G9+U9+U21+L8+L18,"40,835167","45,470222"
TA554,G9+U9+U21+L8,"40,937817","45,382541"
TA555,G9+U9+U21+L8+L18,"40,850889","45,5485"
TA556,G9+U9+U21+L8+L18,"40,887311","45,452218"
TA557,pure transmission,,
TA560,G9+U9+U21+L8,"40,86321","45,33366"
TA567,U21+L8+L18,"41,015361","45,12511"
TA601,G9+U9+L8,"40,69509","44,84091"
TA602,U9,"40,653535","44,892164"
VA001,G9+U9+U21+L8,"39,792662","45,105193"
VA002,G9+U9+U21+L8+L18,"39,727381","45,181965"
VA003,G9+U9+U21+L8+L18,"39,771354","45,332379"
VA004,G9+U9+U21+L8+L18,"39,75157","45,33747"
VA005,G9+U9+U21+L8+L18,"39,73896","45,39953"
VA006,G9+U9+U21+L8+L18,"39,68649","45,460374"
VA007,U9,,
VA008,G9+U9+L8,"39,69653","45,58718"
VA009,G9+U9+U21+L8,"39,72336","45,64297"
VA010,U9+U21+L8,"39,826","45,294583"
VA011,U9+L8,"39,879669","45,275639"
VA012,G9+U9+L8,"39,87622","45,34239"
VA013,U9+L8,"39,868761","45,431019"
VA014,G9+U9+U21+L8,"39,764009","45,615109"
VA015,G9+U9+U21+L8+L18,"39,813889","45,671806"
VA016,G9+U9+U21+L8+L18,"39,83578","45,670822"
VA017,G9+U9+U21+L8,"39,751206","45,296291"
VA018,G9+U9+U21+L8,"39,63033","45,49596"
VA019,G9+U9+U21+L8,"39,566566","45,504327"
VA020,G9+U9+U21+L8,"39,547742","45,411717"
VA022,U9+L8,"39,805806","45,533556"
VA024,U9,"39,78135","45,35859"
VA025,U9+L8,"39,692646","45,673327"
VA026,G9+U9+L8+L18,"39,782017","45,226406"
VA027,U9+L8+L18,"39,786545","45,647966"
VA028,U9,"39,603819","45,501381"
VA036,U9+L8,"39,693333","45,203139"
VA041,U21,"39,839161","45,665718"
VA050,U9,"39,68666","45,4933"
YE001,G9+U9+U21+L8+L18+L26,"40,114923","44,472462"
YE002,U9+U21,"40,216471","44,4729"
YE003,G9+U9+U21+L8+L18+L26,"40,121561","44,521866"
YE004,G9+U9+U21+L8+L18+L26,"40,12224","44,478731"
YE005,U9+U21+L18+L26,"40,168232","44,513705"
YE006,G9+U9+U21+L8+L18+L26,"40,125111","44,49725"
YE007,G9+U9+U21+L18+L26,"40,135684","44,538694"
YE008,G9+U9+U21+L8+L18+L26,"40,131216","44,523348"
YE009,G9+U9+U21+L8+L18+L26,"40,136845","44,448411"
YE010,G9+U9+U21,"40,134366","44,459024"
YE011,G9+U9+U21+L8+L18+L26,"40,13646","44,489492"
YE012,G9+U9+U21+L8+L18+L26,"40,138885","44,523141"
YE013,G9+U9+U21+L8+L18,"40,142972","44,431169"
YE014,G9+U9+U21+L8+L18+L26,"40,17459721","44,50193841"
YE015,G9+U9+U21,"40,143564","44,453023"
YE016,G9+U9+U21+L8+L18+L26,"40,141993","44,466324"
YE017,G9+U9+U21,"40,14375","44,477769"
YE018,G9+U21+L8+L18+L26,"40,144151","44,486876"
YE019,G9+U9+U21+L8+L18+L26,"40,143206","44,497178"
YE020,G9+U9+U21+L8+L18+L26,"40,145414","44,518588"
YE021,G9+U9+U21,"40,144171","44,529655"
YE022,G9+U9+U21+L8+L18+L26,"40,142917","44,540774"
YE023,G9+U9+U21+L8+L18+L26,"40,150851","44,493598"
YE024,G9+U9+U21,"40,15028","44,503959"
YE025,G9+U21+L18+L26,"40,149731","44,510292"
YE026,G9+U9+U21+L18+L26,"40,150806","44,532932"
YE027,G9+U9+U21+L8+L18,"40,152363","44,397874"
YE028,G9+U9+U21,"40,150622","44,436893"
YE029,G9+U9+U21+L8+L18+L26,"40,148583","44,456998"
YE030,G9+U9+U21+L8+L18+L26,"40,152052","44,482554"
YE031,G9+U9+U21+L8+L18+L26,"40,156064","44,477193"
YE032,G9+U9+U21,"40,157631","44,516576"
YE033,G9+U9+U21,"40,157658","44,487091"
YE034,G9+U9+U21+L8+L18+L26,"40,156294","44,509199"
YE035,G9+U9+U21+L18+L26,"40,15974","44,527622"
YE037,G9+U9+U21+L8+L18+L26,"40,188052","44,526533"
YE038,G9+U9+U21+L8+L18+L26,"40,160139","44,430417"
YE039,G9+U9+U21,"40,158362","44,442641"
YE040,G9+U9+U21+L8+L18+L26,"40,157302","44,450327"
YE041,G9+U9+U21,"40,157331","44,464784"
YE042,G9+U9+U21+L8+L18,"40,157715","44,500148"
YE043,G9+U9+U21+L8+L18+L26,"40,164154","44,444238"
YE044,G9+U9+U21+L8+L18+L26,"40,163762","44,513268"
YE045,G9+U9+U21+L18+L26,"40,164449","44,520226"
YE046,G9+U9+U21+L8+L18+L26,"40,193306","44,504611"
YE047,G9+U9+U21+L8+L18,"40,16476","44,401153"
YE048,G9+U9+U21+L8+L18,"40,164937","44,415351"
YE049,G9+U9+U21,"40,172287","44,464643"
YE050,G9+U9+U21,"40,163622","44,485191"
YE051,G9+U9+U21+L8+L18,"40,163031","44,504442"
YE052,G9+U9+U21+L8+L18+L26,"40,1715294","44,43982077"
YE053,G9+U9+U21+L8+L18+L26,"40,17095","44,454424"
YE054,G9+U9+U21+L8+L18+L26,"40,170389","44,507194"
YE055,G9+U9+U21+L18+L26,"40,170141","44,519869"
YE056,G9+U9+U21,"40,168861","44,526291"
YE057,G9+U9+U21+L26,"40,165363","44,543613"
YE058,G9+U9+U21+L8+L18+L26,"40,172033","44,560586"
YE059,G9+U9+U21+L18+L26,"40,175724","44,461785"
YE060,G9+U9+U21+L8+L18+L26,"40,170134","44,490465"
YE061,G9+U9+U21,"40,177644","44,444774"
YE062,G9+U9+U21+L8+L18+L26,"40,175166","44,508582"
YE063,G9+U9+U21+L8+L18+L26,"40,178764","44,513944"
YE064,G9+U9+U21+L8+L18+L26,"40,17675","44,520917"
YE065,G9+U9+U21+L8+L18+L26,"40,175711","44,541536"
YE066,G9+U9+U21+L18+L26,"40,176382","44,562367"
YE067,G9+U9+U21,"40,175991","44,573339"
YE068,G9+U9+U21+L8+L18+L26,"40,182","44,446528"
YE069,G9+U9+U21,"40,179924","44,454411"
YE070,G9+U9+U21,"40,175489","44,485512"
YE071,G9+U9+U21+L8+L18+L26,"40,182025","44,575205"
YE072,G9+U9+U21+L18+L26,"40,181186","44,498531"
YE073,G9+U9+U21+L8+L18+L26,"40,181242","44,509443"
YE074,G9+U9+U21+L8+L18+L26,"40,183483","44,519634"
YE075,G9+U9+U21+L18+L26,"40,183417","44,525449"
YE076,U9+U21,"40,179064","44,525068"
YE077,G9+U21,"40,182075","44,566806"
YE078,G9+U9+U21+L18+L26,"40,21202","44,513992"
YE079,G9+U9+U21,"40,193379","44,47283"
YE080,U9+U21+L18+L26,"40,187483","44,510713"
YE081,G9+U9+U21+L8+L18+L26,"40,190573","44,513052"
YE082,G9+U9+U21,"40,189783","44,522257"
YE083,G9+U9+U21+L8+L18+L26,"40,186694","44,534972"
YE084,G9+U9+U21+L18+L26,"40,189917","44,544412"
YE085,G9+U9+U21,"40,188494","44,57769"
YE086,G9+U9+U21,"40,188692","44,589267"
YE087,G9+U9+U21,"40,188094","44,463778"
YE088,G9+U9+U21+L8+L18,"40,189498","44,561848"
YE089,G9+U9+U21,"40,190458","44,567974"
YE090,G9+U9+U21,"40,1862","44,59886"
YE091,G9+U9+U21+L8+L18+L26,"40,197356","44,467794"
YE092,G9+U9+U21+L18+L26,"40,19521","44,489369"
YE093,G9+U9+U21+L8+L18,"40,194654","44,498208"
YE094,G9+U9+U21,"40,197091","44,519127"
YE095,G9+U21+L18+L26,"40,199828","44,558609"
YE096,U9+U21+L18+L26,"40,195433","44,568506"
YE097,G9+U9+U21+L8+L18+L26,"40,185917","44,515111"
YE098,U9+U21,"40,204144","44,507233"
YE099,G9+U9+U21+L18+L26,"40,198637","44,528257"
YE100,G9+U9+U21+L8,"40,19325","44,544972"
YE102,G9+U9+U21+L8+L18+L26,"40,202828","44,462499"
YE103,G9+U9+U21+L8+L18+L26,"40,201075","44,475097"
YE104,G9+U9+U21+L8+L18+L26,"40,199944","44,491222"
YE105,G9+U9+U21,"40,201552","44,50153"
YE106,G9+U9+U21+L8+L18+L26,"40,198621","44,509364"
YE107,G9+U9+U21,"40,202161","44,522146"
YE108,G9+U9+U21+L8+L18+L26,"40,204155","44,529523"
YE109,G9+U9+U21+L18+L26,"40,202337","44,545609"
YE110,G9+U9+U21+L8+L18+L26,"40,198972","44,563917"
YE111,G9+U9+U21,"40,200723","44,571258"
YE112,U9+U21,"40,198271","44,497101"
YE113,G9+U21,"40,17806","44,504791"
YE114,G9+U9+U21,"40,203446","44,581733"
YE115,G9+U9+U21+L8+L18+L26,"40,184694","44,505417"
YE116,G9+U9+U21,"40,208417","44,467273"
YE117,G9+U9+U21+L8+L18+L26,"40,207547","44,477902"
YE118,G9+U9+U21+L18+L26,"40,209644","44,497769"
YE119,G9+U9+U21+L8+L18+L26,"40,208616","44,508023"
YE120,G9+U9+U21+L18+L26,"40,206664","44,5196"
YE121,G9+U9+U21+L18+L26,"40,209984","44,529365"
YE122,G9+U9+U21+L18+L26,"40,208561","44,536226"
YE123,G9+U9+U21,"40,207708","44,545973"
YE124,G9+U9+U21,"40,205686","44,568594"
YE125,U9+U21+L8+L18+L26,"40,202377","44,537549"
YE126,G9+U9+U21+L8+L18+L26,"40,214977","44,481265"
YE127,G9+U9+U21+L8+L18,"40,191451","44,5292"
YE128,G9+U9+U21,"40,216279","44,488494"
YE129,G9+U9+U21,"40,21226","44,462354"
YE130,G9+U9+U21+L8+L18+L26,"40,173707","44,515076"
YE131,G9+U9+U21+L8+L18+L26,"40,212875","44,572456"
YE132,G9+U9+U21+L18+L26,"40,215139","44,581497"
YE133,G9+U9+U21+L8+L18+L26,"40,219477","44,544449"
YE134,G9+U9+U21+L18+L26,"40,218159","44,534809"
YE135,G9+U9+U21+L8+L18+L26,"40,221813","44,574776"
YE136,G9+U9+U21+L8+L18+L26,"40,221722","44,490389"
YE137,G9+U9+U21,"40,222083","44,502639"
YE138,G9+U9+U21+L8+L18+L26,"40,221528","44,562444"
YE139,G9+U9+U21+L8+L18+L26,"40,226278","44,494781"
YE140,G9+U9+U21+L8+L18+L26,"40,217947","44,579246"
YE141,G9+U9+U21+L8+L18+L26,"40,225175","44,573338"
YE142,G9+U9+U21+L8+L18+L26,"40,226441","44,541957"
YE143,G9+U9+U21,"40,229782","44,55798"
YE144,G9+U9+U21,"40,228009","44,549058"
YE145,G9+U9+U21+L8+L18+L26,"40,235597","44,556649"
YE146,G9+U9+U21+L18,"40,231933","44,569309"
YE147,G9+U9+U21+L18+L26,"40,239862","44,569471"
YE148,G9+U9+U21+L18+L26,"40,196762","44,45424"
YE149,G9+U9+U21,"40,191426","44,427245"
YE150,G9+U21+L8+L18+L26,"40,210417","44,440333"
YE151,G9+U9+U21+L8+L18+L26,"40,090389","44,547417"
YE152,G9+U9+U21,"40,21506","44,550719"
YE153,G9+U9+U21+L8,"40,137329","44,567062"
YE154,pure transmission,,
YE155,U21+L18+L26,"40,191984","44,491179"
YE156,U21+L18+L26,"40,179576","44,52177"
YE157,G9+U21+L18+L26,"40,171579","44,446468"
YE158,G9+U9+U21+L18+L26,"40,127385","44,526756"
YE159,U9+U21,"40,179474","44,517466"
YE160,G9+U21,"40,14773","44,491474"
YE162,U9+U21+L8+L18,"40,150685","44,477441"
YE164,U21,"40,178192","44,493631"
YE165,U9+U21+L18+L26,"40,204307","44,472792"
YE166,U9+U21+L18,"40,1885","44,483604"
YE167,G9+U21+L8+L18+L26,"40,183413","44,460412"
YE168,G9+U9+U21+L8+L18+L26,"40,214447","44,523635"
YE171,G9+U9+U21,"40,179881","44,439693"
YE172,U21,"40,168631","44,440455"
YE174,G9+U9+U21,"40,1870531","44,52232264"
YE175,U9+U21,"40,204715","44,493387"
YE176,U9+U21+L8+L18+L26,"40,182199","44,516289"
YE177,G9+U21,"40,194527","44,516465"
YE179,G9+U9+U21,"40,185517","44,562132"
YE181,U9+U21+L8+L18,"40,175231","44,511529"
YE182,U21,"40,203192","44,56436"
YE183,U9+U21,"40,22781","44,59127"
YE184,U9+U21,"40,22518","44,533021"
YE185,U9+U21,"40,20251","44,514906"
YE186,G9+U9+U21+L18+L26,"40,205687","44,501511"
YE187,U21,"40,173864","44,505385"
YE188,G9+U21+L8+L18+L26,"40,205632","44,51412"
YE189,G9+U21+L8+L18+L26,"40,164685","44,461391"
YE190,U21,"40,161644","44,523828"
YE191,U21,"40,135535","44,51753"
YE192,U21+L18+L26,"40,171011","44,43508"
YE193,U21+L18+L26,"40,139797","44,530918"
YE194,U9+U21,"40,171462","44,513099"
YE195,G9+U21+L8+L18+L26,"40,177222","44,448583"
YE196,U9+U21+L18+L26,"40,180147","44,53894"
YE197,U9+U21,"40,180782","44,515076"
YE198,G9+U21+L8+L18+L26,"40,151999","44,522767"
YE201,G9+U21+L18+L26,"40,199173","44,53851"
YE202,U9+U21,"40,094859","44,55664"
YE205,U9+U21+L8+L18,"40,142973","44,510454"
YE209,G9+U21+L8+L18+L26,"40,169972","44,469139"
YE211,U21+L18+L26,"40,219655","44,442065"
YE212,U9+U21+L26,"40,188287","44,556229"
YE215,U9+U21,"40,223506","44,46351"
YE218,U9+U21,"40,180962","44,48735"
YE221,U9+U21+L8+L18+L26,"40,196735","44,566118"
YE226,U9+U21+L8+L18+L26,"40,172453","44,570576"
YE229,U9+U21+L8+L18+L26,"40,218984","44,494377"
YE230,L18+L26,"40,21104","44,45914"
YE233,U9+U21+L8+L18+L26,"40,189417","44,523917"
YE235,G9+U9+U21+L8+L18+L26,"40,181139","44,507083"
YE237,L8+L18+L26,"40,167333","44,518222"
YE239,U21+L8+L18+L26,"40,208639","44,53025"
YE240,U21+L8+L18+L26,"40,204306","44,523556"
YE241,U9+U21+L8+L18+L26,"40,200556","44,521778"
YE243,L8+L18+L26,"40,200583","44,499083"
YE244,U9+U21+L8+L18+L26,"40,201611","44,507417"
YE245,U9+U21+L8+L18+L26,"40,191583","44,477"
YE247,U9+U21+L8+L18+L26,"40,190333","44,461028"
YE250,G9+U9+U21+L8+L18+L26,"40,211304","44,466399"
YE251,L8+L18+L26,"40,223194","44,500306"
YE253,G9+U9+U21+L8+L18+L26,"40,176833","44,526667"
YE254,U9+U21+L8+L18+L26,"40,187056","44,567306"
YE255,U9+U21+L8+L18+L26,"40,198833","44,574194"
YE256,G9+U9+U21+L8+L18+L26,"40,190583","44,572444"
YE257,U9+U21+L8+L18+L26,"40,179083","44,567639"
YE258,U9+U21+L8+L18+L26,"40,205528","44,565111"
YE259,G9+U9+U21+L8+L18+L26,"40,190417","44,593111"
YE260,U21+L8+L18+L26,"40,204361","44,549167"
YE264,L8+L18,"40,225639","44,536139"
YE265,U9+U21+L8+L18+L26,"40,152639","44,509"
YE267,G9+U9+U21+L8+L18+L26,"40,149583","44,48475"
YE268,G9+U9+U21+L8+L18+L26,"40,156639","44,484056"
YE270,U9+U21+L8+L18+L26,"40,166639","44,447944"
YE271,L8+L18+L26,"40,176694","44,439472"
YE273,U9+U21+L8+L18,"40,21229","44,58212"
YE276,U21,"40,109733","44,507233"
YE300,U21,"40,183346","44,515007"
YE302,G9+U21,"40,1978","44,493095"
YE304,G9+U9+U21+L18,"40,155346","44,499344"
YE305,G9+U9+L18,"40,176833","44,526667"
YE306,U9,"40,176833","44,526667"
YE307,U21,"40,201524","44,50486"
YE308,U21,"40,176688","44,522986"
YE309,U21+L18,"40,1885","44,483604"
YE311,U21,"40,187741","44,520872"
YE312,U21+L18,"40,19335","44,48359"
YE314,U21,"40,18857","44,510314"
YE315,U21,"40,184631","44,509792"
YE316,U21,"40,182727","44,513993"
YE318,U21,"40,170502","44,564808"
YE319,U21,"40,170509","44,566506"
YE321,U21,"40,204369","44,572561"
YE323,U21,"40,082893","44,544586"
YE348,U21,"40,182886","44,513106"
YE351,U21,"40,179199","44,509821"
YE355,U21+L18+L26,"40,208547","44,565678"
